1,37.93839300000000,-122.52252600000000
2,37.93792800000000,-122.51552200000000
3,37.93469500000000,-122.52092500000000
4,37.94508400000000,-122.52140900000000
5,37.94365900000000,-122.52069500000000
6,37.94350700000000,-122.51825900000000
7,37.94277900000000,-122.51978500000000
8,37.94224300000000,-122.51812000000000
9,37.94278500000000,-122.51934000000000
10,37.98776600000000,-122.48404300000000
11,37.93973700000000,-122.53060500000000
12,37.94459300000000,-122.50619400000000
13,37.94137100000000,-122.48453700000000
14,37.97575900000000,-122.55898500000000
15,37.97540500000000,-122.56208400000000
16,37.98161600000000,-122.56265200000000
17,37.97452400000000,-122.56254900000000
18,37.97514400000000,-122.56156600000000
19,37.97369700000000,-122.56237100000000
20,37.97321400000000,-122.56232600000000
21,37.98276200000000,-122.54398800000000
22,37.97636500000000,-122.54957000000000
23,37.97429900000000,-122.54261000000000
24,37.97484400000000,-122.54203400000000
25,37.97542800000000,-122.53246900000000
26,37.97476200000000,-122.53350600000000
27,37.97626900000000,-122.53243800000000
28,37.97529800000000,-122.53191300000000
29,37.97603700000000,-122.53228400000000
30,37.97699300000000,-122.53653700000000
31,37.97529600000000,-122.53522900000000
32,37.97587300000000,-122.53527300000000
33,37.97494100000000,-122.53673300000000
34,37.97511100000000,-122.53621100000000
35,37.97624800000000,-122.53490500000000
36,37.97500700000000,-122.53859300000000
37,37.97375000000000,-122.53977700000000
38,37.97389300000000,-122.53739400000000
39,37.97987300000000,-122.51238500000000
40,37.97914100000000,-122.51266400000000
41,37.98088800000000,-122.52266000000000
42,37.98195600000000,-122.52048500000000
43,37.97197800000000,-122.51956100000000
44,37.97267300000000,-122.52488700000000
45,37.97450900000000,-122.51997700000000
46,37.97800800000000,-122.51653900000000
47,37.97582900000000,-122.53156800000000
48,37.97351900000000,-122.53215300000000
49,37.97292400000000,-122.53198200000000
50,37.97433700000000,-122.53306500000000
51,37.97461700000000,-122.53184200000000
52,37.97478000000000,-122.53224100000000
53,37.97429500000000,-122.53086100000000
54,37.97457100000000,-122.53123900000000
55,37.97571900000000,-122.52930400000000
56,37.97550500000000,-122.53002500000000
57,37.97328400000000,-122.53068500000000
58,37.97512900000000,-122.53012600000000
59,37.97520000000000,-122.53069400000000
60,37.97358000000000,-122.53140400000000
61,37.97455000000000,-122.52658200000000
62,37.97422600000000,-122.52768500000000
63,37.98011300000000,-122.51160300000000
64,37.98079500000000,-122.51103700000000
65,37.98145800000000,-122.51129600000000
66,37.98096200000000,-122.50999000000000
67,37.98094300000000,-122.51143300000000
68,37.97557000000000,-122.48133700000000
69,37.97108500000000,-122.56160100000000
70,37.97253500000000,-122.56191300000000
71,37.96871900000000,-122.56210100000000
72,37.96902200000000,-122.56197700000000
73,37.97193500000000,-122.52522400000000
74,37.97229100000000,-122.52403200000000
75,37.97124700000000,-122.52375300000000
76,37.97089200000000,-122.52407600000000
77,37.97112500000000,-122.52540600000000
78,37.97251806000000,-122.52410230000000
79,37.97055500000000,-122.52499300000000
80,37.97114600000000,-122.52318200000000
81,37.96982900000000,-122.52528700000000
82,37.96883300000000,-122.52386900000000
83,37.96836200000000,-122.52447300000000
84,37.97138500000000,-122.52150000000000
85,37.97145600000000,-122.52203800000000
86,37.97156700000000,-122.53171300000000
87,37.96941900000000,-122.52956000000000
88,37.96923200000000,-122.52996900000000
89,37.96933800000000,-122.52899000000000
90,37.97112200000000,-122.52969400000000
91,37.96965700000000,-122.52882100000000
92,37.97025000000000,-122.52923700000000
93,37.96944600000000,-122.52839600000000
94,37.96902600000000,-122.52875300000000
95,37.96906800000000,-122.52621800000000
96,37.96869600000000,-122.52882100000000
97,37.97285400000000,-122.52947900000000
98,37.97218900000000,-122.52955200000000
99,37.97278500000000,-122.53095100000000
100,37.97326800000000,-122.52881500000000
101,37.97144100000000,-122.52881000000000
102,37.97341300000000,-122.52997700000000
103,37.97326500000000,-122.52785000000000
104,37.97212300000000,-122.52714100000000
105,37.97206300000000,-122.52856500000000
106,37.97287400000000,-122.52637000000000
107,37.97416700000000,-122.52721900000000
108,37.97329300000000,-122.52838000000000
109,37.97280600000000,-122.52610300000000
110,37.97354900000000,-122.52826500000000
111,37.97293600000000,-122.52703600000000
112,37.96999330000000,-122.51949750000000
113,37.96808600000000,-122.52182000000000
114,37.96839900000000,-122.51703500000000
115,37.96968400000000,-122.51700000000000
116,37.96968800000000,-122.51640100000000
117,37.96968900000000,-122.51688000000000
118,37.96958200000000,-122.51861900000000
119,37.97387000000000,-122.53618600000000
120,37.96791000000000,-122.51023800000000
121,37.96793700000000,-122.49723700000000
122,37.96787300000000,-122.49778600000000
123,37.97345900000000,-122.49784600000000
124,37.96348500000000,-122.55513500000000
125,37.96429700000000,-122.55469200000000
126,37.96276500000000,-122.55612600000000
127,37.96207400000000,-122.55686000000000
128,37.96339700000000,-122.55445400000000
129,37.96223400000000,-122.55669900000000
130,37.96314400000000,-122.55527400000000
131,37.96574400000000,-122.53611100000000
132,37.96518600000000,-122.53604200000000
133,37.96615300000000,-122.53650800000000
134,37.96690600000000,-122.52642100000000
135,37.96546000000000,-122.52212000000000
136,37.96790700000000,-122.51658400000000
137,37.96703200000000,-122.51704200000000
138,37.96387900000000,-122.52199800000000
139,37.96462000000000,-122.50894300000000
140,37.96171100000000,-122.49927700000000
141,37.96088100000000,-122.50326400000000
142,37.96695100000000,-122.49590500000000
143,37.96684400000000,-122.49637000000000
144,37.96350600000000,-122.50957300000000
145,37.96422000000000,-122.51071700000000
146,37.95931300000000,-122.55354700000000
147,37.95627100000000,-122.55002300000000
148,37.95569800000000,-122.55035900000000
149,37.95550400000000,-122.55088000000000
150,37.95615800000000,-122.54975700000000
151,37.96049100000000,-122.55572600000000
152,37.96212800000000,-122.55880800000000
153,37.95955300000000,-122.51090000000000
154,37.95947800000000,-122.50578400000000
155,37.96083700000000,-122.50382600000000
156,37.96026200000000,-122.50006500000000
157,37.95807900000000,-122.52102900000000
158,38.00128600000000,-122.54241200000000
159,38.00161300000000,-122.54116100000000
160,38.00235600000000,-122.54080400000000
161,38.00114600000000,-122.54198100000000
162,38.00130500000000,-122.54002400000000
163,38.00234100000000,-122.53978900000000
164,38.00254100000000,-122.53897500000000
165,38.00266200000000,-122.53922700000000
166,38.00197100000000,-122.53888300000000
167,38.00417900000000,-122.54536900000000
168,38.00462200000000,-122.53267800000000
169,38.00209500000000,-122.53696100000000
170,38.00119100000000,-122.53505600000000
171,38.00101800000000,-122.53254700000000
172,38.00078700000000,-122.53200800000000
173,38.00110100000000,-122.53338400000000
174,38.00153200000000,-122.53238500000000
175,38.00198000000000,-122.53353500000000
176,37.99957600000000,-122.54251300000000
177,38.00795700000000,-122.54743000000000
178,38.00511900000000,-122.54465400000000
179,37.99984200000000,-122.52327200000000
180,37.99857200000000,-122.52556600000000
181,38.00147500000000,-122.52215900000000
182,37.99783600000000,-122.53018800000000
183,37.99868600000000,-122.52898200000000
184,37.99699800000000,-122.53120700000000
185,37.99773400000000,-122.53115000000000
186,37.99726700000000,-122.53055300000000
187,37.99890800000000,-122.52958800000000
188,37.99913000000000,-122.52977000000000
189,37.99963700000000,-122.52946600000000
190,37.99811800000000,-122.52886100000000
191,37.99748800000000,-122.52861500000000
192,37.99578700000000,-122.53063500000000
193,37.99698400000000,-122.53000300000000
194,37.99582700000000,-122.53104000000000
195,37.99599200000000,-122.53059600000000
196,37.99726900000000,-122.52889500000000
197,37.99673500000000,-122.53050100000000
198,38.00380500000000,-122.53136800000000
199,38.00033300000000,-122.53101100000000
200,38.00109000000000,-122.53038700000000
201,37.99981200000000,-122.53033300000000
202,38.00052200000000,-122.53102800000000
203,38.00163400000000,-122.53035700000000
204,38.00019500000000,-122.53014500000000
205,38.00578400000000,-122.55691500000000
206,38.00646500000000,-122.55587200000000
207,38.00597000000000,-122.55593900000000
208,38.00619600000000,-122.55686500000000
209,38.00333100000000,-122.55588200000000
210,38.00416100000000,-122.55550400000000
211,38.00550800000000,-122.55372900000000
212,37.95454000000000,-122.54947500000000
213,38.00587700000000,-122.51764100000000
214,38.00201300000000,-122.48666800000000
215,37.95111300000000,-122.54501400000000
216,37.95347200000000,-122.54852300000000
217,37.95170000000000,-122.54928700000000
218,37.99590500000000,-122.49997800000000
219,38.00594600000000,-122.49725100000000
220,38.00643100000000,-122.48461800000000
221,38.00058000000000,-122.46121000000000
222,38.00067200000000,-122.46178600000000
223,38.00117600000000,-122.46176300000000
224,38.00004500000000,-122.46090900000000
225,38.00292400000000,-122.46241100000000
226,38.00242400000000,-122.46172800000000
227,38.00165800000000,-122.46173000000000
228,38.00316200000000,-122.46684000000000
229,38.00489100000000,-122.47063600000000
230,37.95325400000000,-122.50790000000000
231,37.99710200000000,-122.45673800000000
232,37.95341000000000,-122.50004300000000
233,37.95185500000000,-122.49287400000000
234,37.95479800000000,-122.49266200000000
235,37.95102700000000,-122.49021700000000
236,37.99128100000000,-122.55053700000000
237,37.99781000000000,-122.54318300000000
238,37.99389000000000,-122.53407000000000
239,37.99354700000000,-122.53611500000000
240,37.99293400000000,-122.53449100000000
241,37.99470700000000,-122.52891700000000
242,37.94982900000000,-122.54467900000000
243,37.94919000000000,-122.54430000000000
244,37.94764100000000,-122.54733000000000
245,37.94796000000000,-122.54102500000000
246,37.94806600000000,-122.54230100000000
247,37.94828200000000,-122.54022900000000
248,37.94803800000000,-122.54162700000000
249,37.94713600000000,-122.54065500000000
250,37.94563300000000,-122.53797100000000
251,37.94892100000000,-122.53842700000000
252,37.94784000000000,-122.53814200000000
253,37.94772700000000,-122.53953800000000
254,37.94812500000000,-122.53879100000000
255,37.94857600000000,-122.53731600000000
256,37.94713400000000,-122.53863000000000
257,37.94848500000000,-122.53862600000000
258,37.94668100000000,-122.53636100000000
259,37.94735600000000,-122.52522100000000
260,37.94962500000000,-122.52967700000000
261,37.94773100000000,-122.52641300000000
262,37.94624100000000,-122.52361300000000
263,37.94560400000000,-122.52457600000000
264,37.94651800000000,-122.52332600000000
265,37.94607700000000,-122.52511500000000
266,37.94578400000000,-122.52183200000000
267,37.94705800000000,-122.51772500000000
268,37.94716700000000,-122.50877200000000
269,37.94450000000000,-122.50889500000000
270,37.95065400000000,-122.51034400000000
271,37.94474300000000,-122.50927600000000
272,37.94555300000000,-122.51127500000000
273,37.94761000000000,-122.50942000000000
274,37.94707400000000,-122.50907500000000
275,37.94750700000000,-122.50979700000000
276,37.94372600000000,-122.53566900000000
277,37.93752100000000,-122.53445900000000
278,37.93433100000000,-122.53555600000000
279,37.93441400000000,-122.53597400000000
280,37.99336200000000,-122.47224400000000
281,37.99400000000000,-122.47222000000000
282,37.99593700000000,-122.46483000000000
283,37.99197900000000,-122.45071700000000
284,37.99105300000000,-122.45059900000000
285,37.99229100000000,-122.45240100000000
286,37.94784600000000,-122.49199400000000
287,37.94542000000000,-122.48407300000000
288,37.98773700000000,-122.54762600000000
289,37.98606400000000,-122.55140000000000
290,37.98642700000000,-122.55523400000000
291,37.98656800000000,-122.55457400000000
292,37.98585300000000,-122.55690700000000
293,37.98706600000000,-122.55466700000000
294,37.98964700000000,-122.56116200000000
295,37.98968800000000,-122.55978200000000
296,37.98900100000000,-122.55548000000000
297,37.98743700000000,-122.55473700000000
298,37.98808100000000,-122.55620700000000
299,37.98862300000000,-122.55611400000000
300,37.98667000000000,-122.55691800000000
301,37.98790400000000,-122.55532100000000
302,37.98553000000000,-122.50730200000000
303,37.94470500000000,-122.51345600000000
304,37.94463300000000,-122.51371900000000
305,37.94404600000000,-122.50361600000000
306,37.94453700000000,-122.50343900000000
307,37.94471100000000,-122.50560900000000
308,37.94397700000000,-122.48003800000000
309,37.93458800000000,-122.55375400000000
310,37.98074400000000,-122.56424500000000
311,37.98461000000000,-122.56658600000000
312,37.98364700000000,-122.56685700000000
313,37.93354700000000,-122.51561700000000
314,37.93095400000000,-122.51413100000000
315,37.93209200000000,-122.53321200000000
316,37.93228700000000,-122.53618700000000
317,37.93174300000000,-122.53657300000000
318,37.93187100000000,-122.51713600000000
319,37.93126700000000,-122.51474900000000
320,37.97780500000000,-122.56388200000000
321,37.97655200000000,-122.56298100000000
322,37.97611300000000,-122.56291800000000
323,37.94928200000000,-122.59785700000000
324,38.03731000000000,-122.59281000000000
325,38.03828100000000,-122.55417200000000
326,38.03031100000000,-122.57722500000000
327,38.02778700000000,-122.54943900000000
328,38.02749300000000,-122.55027600000000
329,38.02828200000000,-122.55162100000000
330,38.02850900000000,-122.55183400000000
331,38.02995600000000,-122.55158600000000
332,38.03094900000000,-122.54991000000000
333,38.03096400000000,-122.55047900000000
334,38.03110600000000,-122.54927300000000
335,38.02496100000000,-122.55895100000000
336,38.02482300000000,-122.55793300000000
337,38.02482200000000,-122.56429000000000
338,38.02860200000000,-122.56831000000000
339,38.02607600000000,-122.54705700000000
340,38.03287200000000,-122.53967200000000
341,38.03135500000000,-122.54723700000000
342,38.03154400000000,-122.54756000000000
343,38.03088200000000,-122.54610600000000
344,38.03114800000000,-122.54844200000000
345,38.03084000000000,-122.54571900000000
346,38.02927600000000,-122.54600200000000
347,38.02724000000000,-122.51749600000000
348,38.02562700000000,-122.51693000000000
349,38.03450800000000,-122.52694700000000
350,38.03055300000000,-122.50318500000000
351,38.02692400000000,-122.51360700000000
352,38.02980900000000,-122.50874500000000
353,38.03027300000000,-122.50951500000000
354,38.02983700000000,-122.51334600000000
355,38.01800900000000,-122.57475700000000
356,38.01889500000000,-122.57643500000000
357,38.02050800000000,-122.57320800000000
358,37.98213900000000,-122.60791700000000
359,38.01642100000000,-122.56912500000000
360,38.02061300000000,-122.56945300000000
361,37.98670500000000,-122.58727800000000
362,37.98547000000000,-122.59128500000000
363,37.98734500000000,-122.58966500000000
364,37.98657100000000,-122.58930700000000
365,37.98604400000000,-122.58397600000000
366,37.98624400000000,-122.58512700000000
367,37.98333700000000,-122.59103600000000
368,37.98574600000000,-122.58946300000000
369,37.98532300000000,-122.59015900000000
370,37.98651800000000,-122.57779100000000
371,37.98243100000000,-122.57780000000000
372,38.01980400000000,-122.55255700000000
373,38.01823100000000,-122.55468600000000
374,38.01701600000000,-122.55830200000000
375,38.01930300000000,-122.54112800000000
376,38.01643800000000,-122.54204800000000
377,38.01667100000000,-122.53899200000000
378,38.01912300000000,-122.53787100000000
379,38.02431800000000,-122.53728000000000
380,38.02136300000000,-122.54146800000000
381,38.02096100000000,-122.54172700000000
382,38.01724700000000,-122.52874900000000
383,38.01927600000000,-122.53391000000000
384,38.02001200000000,-122.53395700000000
385,38.01895800000000,-122.53457700000000
386,37.98451500000000,-122.56870400000000
387,37.98080000000000,-122.56671800000000
388,37.98129400000000,-122.56567500000000
389,37.98353400000000,-122.56613700000000
390,37.98149100000000,-122.56617200000000
391,38.01817700000000,-122.51544200000000
392,38.02252400000000,-122.52316800000000
393,38.01829600000000,-122.52539800000000
394,38.01991400000000,-122.52270100000000
395,38.01845900000000,-122.51389600000000
396,38.01693000000000,-122.51313600000000
397,38.01456500000000,-122.57749000000000
398,38.01158700000000,-122.57351200000000
399,38.01491200000000,-122.56963100000000
400,38.01528000000000,-122.56010600000000
401,38.01466800000000,-122.56052600000000
402,38.01368100000000,-122.56014300000000
403,38.00688600000000,-122.57023900000000
404,38.00644800000000,-122.56976400000000
405,37.97464800000000,-122.58930200000000
406,38.01320200000000,-122.55951300000000
407,38.01380900000000,-122.55887100000000
408,38.01158500000000,-122.55603600000000
409,38.01093100000000,-122.55515100000000
410,38.01029000000000,-122.55226800000000
411,38.00939500000000,-122.54957700000000
412,38.00907700000000,-122.54863600000000
413,38.01332600000000,-122.55242900000000
414,38.01372600000000,-122.54975000000000
415,38.01313500000000,-122.54871200000000
416,38.00867900000000,-122.54441100000000
417,38.00901200000000,-122.54145500000000
418,38.01331200000000,-122.54853000000000
419,38.01073800000000,-122.54723400000000
420,38.00840400000000,-122.54820800000000
421,38.00848300000000,-122.54831000000000
422,38.01122400000000,-122.54030800000000
423,37.97411700000000,-122.56755100000000
424,37.97378800000000,-122.56781400000000
425,37.97442600000000,-122.56673300000000
426,37.97434500000000,-122.56777000000000
427,37.97048600000000,-122.56685100000000
428,37.97000800000000,-122.56476000000000
429,37.96980600000000,-122.56538300000000
430,37.96939300000000,-122.56461200000000
431,37.96946600000000,-122.56518500000000
432,37.96819400000000,-122.56618700000000
433,38.01420000000000,-122.52963600000000
434,38.01369500000000,-122.52979800000000
435,38.00857100000000,-122.53606800000000
436,38.00892400000000,-122.52380000000000
437,38.01418000000000,-122.51155500000000
438,38.01438100000000,-122.51246500000000
439,38.00596400000000,-122.49453700000000
440,38.01107800000000,-122.49683900000000
441,38.01033100000000,-122.49136900000000
442,38.01004000000000,-122.49057000000000
443,38.00747400000000,-122.49042000000000
444,38.01067700000000,-122.48899100000000
445,37.96098200000000,-122.57096900000000
446,37.99518000000000,-122.59544100000000
447,37.99047300000000,-122.59166300000000
448,37.99190500000000,-122.57634800000000
449,37.99318900000000,-122.56826500000000
450,37.95732500000000,-122.57286900000000
451,37.92412300000000,-122.51796700000000
452,37.92308900000000,-122.51049600000000
453,37.92725500000000,-122.51767900000000
454,37.92458800000000,-122.52001000000000
455,37.92731300000000,-122.51733700000000
456,37.92630400000000,-122.51721600000000
457,37.92699000000000,-122.51201600000000
458,37.92821000000000,-122.51423800000000
459,37.92846000000000,-122.51069200000000
460,37.92105600000000,-122.49413300000000
461,37.82595900000000,-122.52926900000000
462,37.81871500000000,-122.53024500000000
463,37.81862500000000,-122.53001200000000
464,37.81809300000000,-122.52958600000000
465,37.82217900000000,-122.53299500000000
466,37.82026700000000,-122.53119100000000
467,37.82107700000000,-122.52964100000000
468,37.82025000000000,-122.52934900000000
469,37.82088200000000,-122.53066700000000
470,37.82228000000000,-122.53149800000000
471,37.82165000000000,-122.53124700000000
472,37.82170100000000,-122.52956600000000
473,37.82314100000000,-122.52910300000000
474,37.82347700000000,-122.52953800000000
475,37.82441400000000,-122.52746800000000
476,37.91001700000000,-122.57694400000000
477,37.91035000000000,-122.57709800000000
478,37.91803100000000,-122.58113600000000
479,37.91593900000000,-122.58134700000000
480,37.92006200000000,-122.56388400000000
481,37.91218100000000,-122.56568200000000
482,37.81406100000000,-122.47777500000000
483,37.91011500000000,-122.52969100000000
484,37.91503800000000,-122.51999100000000
485,37.91371900000000,-122.52121500000000
486,37.91012100000000,-122.52397300000000
487,37.91055000000000,-122.52407900000000
488,37.91039500000000,-122.52495800000000
489,37.91616700000000,-122.52613500000000
490,37.91722300000000,-122.52758000000000
491,37.91441000000000,-122.50302100000000
492,37.91197700000000,-122.55164800000000
493,37.91123400000000,-122.56046100000000
494,37.90148300000000,-122.58148000000000
495,37.90106900000000,-122.57915200000000
496,37.90666500000000,-122.56098500000000
497,37.90260600000000,-122.57229600000000
498,37.90171000000000,-122.57247700000000
499,37.89893300000000,-122.57194400000000
500,37.90538300000000,-122.55266700000000
501,37.90489600000000,-122.55241100000000
502,37.90502800000000,-122.55377500000000
503,37.90528000000000,-122.55317300000000
504,37.90484400000000,-122.55336700000000
505,37.90667600000000,-122.55696300000000
506,37.90333500000000,-122.55770500000000
507,37.90160700000000,-122.55845900000000
508,37.90512900000000,-122.54983000000000
509,37.90504000000000,-122.55136400000000
510,37.90578100000000,-122.54911300000000
511,37.90640500000000,-122.54983600000000
512,37.90328700000000,-122.54365500000000
513,37.90375300000000,-122.54126000000000
514,37.90616700000000,-122.54532400000000
515,37.90654200000000,-122.54674300000000
516,37.90755100000000,-122.54778900000000
517,37.90741800000000,-122.54646000000000
518,37.90766900000000,-122.54837700000000
519,37.90601100000000,-122.54612700000000
520,37.90653500000000,-122.54588500000000
521,37.90485400000000,-122.54816700000000
522,37.90544500000000,-122.54729300000000
523,37.90569600000000,-122.54770100000000
524,37.90607000000000,-122.54805200000000
525,37.90644200000000,-122.54652300000000
526,37.90545200000000,-122.54681900000000
527,37.92767600000000,-122.57920800000000
528,37.92808000000000,-122.57906800000000
529,37.90037100000000,-122.52911200000000
530,37.89853200000000,-122.53721500000000
531,37.90385700000000,-122.53890600000000
532,37.90528700000000,-122.53889700000000
533,37.90510800000000,-122.53858200000000
534,37.90620600000000,-122.53856800000000
535,37.90552100000000,-122.53862900000000
536,37.90690000000000,-122.53856100000000
537,37.90223900000000,-122.52618200000000
538,37.90293600000000,-122.52780600000000
539,37.90421100000000,-122.52600600000000
540,37.89848100000000,-122.52846100000000
541,37.90375700000000,-122.51915100000000
542,37.90275424000000,-122.52470820000000
543,37.90302800000000,-122.52548800000000
544,37.90366700000000,-122.50645800000000
545,37.90138900000000,-122.51403900000000
546,37.89844000000000,-122.51378300000000
547,37.89986700000000,-122.51438800000000
548,37.90072100000000,-122.51523700000000
549,37.90405600000000,-122.50223600000000
550,37.89943500000000,-122.50057300000000
551,37.92929500000000,-122.53340700000000
552,37.92763500000000,-122.52555900000000
553,37.89852000000000,-122.57586200000000
554,37.89801400000000,-122.57534100000000
555,37.89847200000000,-122.57520500000000
556,37.89621500000000,-122.57507700000000
557,37.89734100000000,-122.57484500000000
558,37.89549500000000,-122.57557100000000
559,37.89583500000000,-122.57535900000000
560,37.89667000000000,-122.57511500000000
561,37.89175700000000,-122.58109300000000
562,37.89362900000000,-122.57349600000000
563,37.89527200000000,-122.57534500000000
564,37.89489700000000,-122.57548000000000
565,37.89391800000000,-122.57463000000000
566,37.89435800000000,-122.57454700000000
567,37.89363000000000,-122.57425900000000
568,37.89411600000000,-122.57498300000000
569,37.92776583000000,-122.51714090000000
570,37.92855600000000,-122.51729300000000
571,37.93037800000000,-122.51392500000000
572,37.92888800000000,-122.51445100000000
573,37.92930500000000,-122.51459600000000
574,37.93037580000000,-122.51444810000000
575,37.89356100000000,-122.57319400000000
576,37.89325200000000,-122.57363700000000
577,37.89297300000000,-122.57280400000000
578,37.89198800000000,-122.57079500000000
579,37.89134200000000,-122.56937400000000
580,37.89343500000000,-122.55746300000000
581,37.89611400000000,-122.54321800000000
582,37.89956100000000,-122.54236500000000
583,37.89309700000000,-122.53116600000000
584,37.89441302000000,-122.53081860000000
585,37.89490700000000,-122.52908700000000
586,37.89883100000000,-122.52883200000000
587,37.89790900000000,-122.52976300000000
588,37.89932200000000,-122.53143800000000
589,37.89605100000000,-122.52899800000000
590,37.89669000000000,-122.52973800000000
591,37.89439400000000,-122.53247500000000
592,37.89545500000000,-122.53419600000000
593,37.89498800000000,-122.53322200000000
594,37.89859500000000,-122.53856200000000
595,37.89887900000000,-122.53889100000000
596,37.89631800000000,-122.53524200000000
597,37.89739000000000,-122.53665200000000
598,37.89723600000000,-122.53597900000000
599,37.89736400000000,-122.53571700000000
600,37.89596300000000,-122.53481800000000
601,37.89786900000000,-122.53553500000000
602,37.89770100000000,-122.53340600000000
603,37.89153500000000,-122.52523500000000
604,37.89172500000000,-122.52528400000000
605,37.89682600000000,-122.52625400000000
606,37.89674100000000,-122.52601200000000
607,37.89857500000000,-122.52297300000000
608,37.89869700000000,-122.52322700000000
609,37.89652200000000,-122.52529300000000
610,37.89387900000000,-122.52240000000000
611,37.89535100000000,-122.52213500000000
612,37.89664800000000,-122.52288100000000
613,37.89532000000000,-122.52255100000000
614,37.89657000000000,-122.52233500000000
615,37.89411400000000,-122.52546000000000
616,37.89211700000000,-122.52543100000000
617,37.89337000000000,-122.52547100000000
618,37.89218200000000,-122.52405300000000
619,37.89381900000000,-122.52511500000000
620,37.89346000000000,-122.52508100000000
621,37.89279700000000,-122.52449700000000
622,37.89282400000000,-122.52516200000000
623,37.89786100000000,-122.50651800000000
624,37.89905600000000,-122.50912100000000
625,37.89154300000000,-122.51609800000000
626,37.89170800000000,-122.51597600000000
627,37.89416000000000,-122.51695000000000
628,37.89275600000000,-122.51585200000000
629,37.89778500000000,-122.51503000000000
630,37.89926000000000,-122.51472700000000
631,37.88942400000000,-122.51268200000000
632,37.89839400000000,-122.50200500000000
633,37.89491600000000,-122.49670100000000
634,37.89702800000000,-122.50510800000000
635,37.89714000000000,-122.50387300000000
636,37.92484800000000,-122.57241400000000
637,37.92731000000000,-122.57921400000000
638,37.89474900000000,-122.49382000000000
639,37.89429700000000,-122.49349500000000
640,37.89485200000000,-122.48770600000000
641,37.89564500000000,-122.48921200000000
642,37.89615300000000,-122.49002500000000
643,37.89582800000000,-122.48929700000000
644,37.89769100000000,-122.48922600000000
645,37.89657500000000,-122.48874400000000
646,37.89385000000000,-122.48691400000000
647,37.89096300000000,-122.48371800000000
648,37.89220500000000,-122.48421900000000
649,37.89174200000000,-122.48469800000000
650,37.89384800000000,-122.48580700000000
651,37.91855500000000,-122.55390300000000
652,37.92113200000000,-122.55537100000000
653,37.88964500000000,-122.48047300000000
654,37.89038900000000,-122.48325700000000
655,37.89144700000000,-122.48322400000000
656,37.92627100000000,-122.52940100000000
657,37.92607500000000,-122.52959900000000
658,37.92592600000000,-122.52979300000000
659,37.85178700000000,-122.49019200000000
660,37.86041200000000,-122.48827700000000
661,37.86140800000000,-122.48787700000000
662,37.86128100000000,-122.48870400000000
663,37.86062400000000,-122.48938100000000
664,37.85973000000000,-122.48586600000000
665,37.85907100000000,-122.48522400000000
666,37.85850900000000,-122.48375300000000
667,37.85965200000000,-122.48930300000000
668,37.85971500000000,-122.48686200000000
669,37.85964200000000,-122.48888200000000
670,37.86001700000000,-122.48779500000000
671,37.85715100000000,-122.48057200000000
672,37.85708600000000,-122.47918800000000
673,37.85767600000000,-122.47892000000000
674,37.85635500000000,-122.48009800000000
675,37.85824300000000,-122.47884000000000
676,37.85609000000000,-122.47947500000000
677,37.85672200000000,-122.48033200000000
678,37.85759100000000,-122.48022700000000
679,37.85485200000000,-122.47886800000000
680,37.85548500000000,-122.48066500000000
681,37.85594600000000,-122.47870100000000
682,37.85267600000000,-122.47991000000000
683,37.85315500000000,-122.47905700000000
684,37.85234600000000,-122.47886400000000
685,37.85715500000000,-122.48134100000000
686,37.85065700000000,-122.48172000000000
687,37.85877500000000,-122.47827400000000
688,37.88772500000000,-122.54732800000000
689,37.88137800000000,-122.54396600000000
690,37.88216600000000,-122.54610000000000
691,37.88179000000000,-122.52415000000000
692,37.88116200000000,-122.52464500000000
693,37.88115410000000,-122.52534730000000
694,37.88515100000000,-122.52205400000000
695,37.88270800000000,-122.52464900000000
696,37.89138800000000,-122.51750600000000
697,37.85735800000000,-122.44150400000000
698,37.85619200000000,-122.44247400000000
699,37.85654200000000,-122.44118800000000
700,37.85925500000000,-122.44187600000000
701,37.85966500000000,-122.43921100000000
702,37.85868600000000,-122.44094200000000
703,37.85906800000000,-122.44059600000000
704,37.85989800000000,-122.44020700000000
705,37.85751300000000,-122.44066600000000
706,37.85762500000000,-122.44025400000000
707,37.88203800000000,-122.51615700000000
708,37.88199800000000,-122.51700400000000
709,37.88864500000000,-122.51523700000000
710,37.88666200000000,-122.50829500000000
711,37.88738300000000,-122.47550600000000
712,37.88569900000000,-122.47363000000000
713,37.88521000000000,-122.47349300000000
714,37.88638100000000,-122.47481300000000
715,37.88761300000000,-122.47479900000000
716,37.84794400000000,-122.54477900000000
717,37.84243600000000,-122.53158300000000
718,37.84302400000000,-122.53565600000000
719,37.84258800000000,-122.53274100000000
720,37.84257500000000,-122.53235700000000
721,37.88085900000000,-122.46611700000000
722,37.88109800000000,-122.45483600000000
723,37.88672600000000,-122.45588800000000
724,37.88899200000000,-122.44909800000000
725,37.85297600000000,-122.49652300000000
726,37.87949900000000,-122.55473800000000
727,37.87907900000000,-122.55376400000000
728,37.85054500000000,-122.47967300000000
729,37.87233300000000,-122.53622800000000
730,37.87878000000000,-122.52306100000000
731,37.87825600000000,-122.52337600000000
732,37.87772300000000,-122.52553100000000
733,37.87989300000000,-122.52335000000000
734,37.86998300000000,-122.52701900000000
735,37.88123000000000,-122.51917400000000
736,37.88109100000000,-122.52014900000000
737,37.88018800000000,-122.51838600000000
738,37.87677800000000,-122.52513700000000
739,37.87689900000000,-122.52411700000000
740,37.87793800000000,-122.52347700000000
741,37.87621100000000,-122.52336100000000
742,37.87563400000000,-122.52505600000000
743,37.87632900000000,-122.52476000000000
744,37.87629800000000,-122.52440700000000
745,37.87716100000000,-122.52305400000000
746,37.87484900000000,-122.52059300000000
747,37.87676400000000,-122.52598700000000
748,37.87689500000000,-122.52669900000000
749,37.87592900000000,-122.52672800000000
750,37.87283344000000,-122.51019880000000
751,37.87310300000000,-122.51155700000000
752,37.87120400000000,-122.50939100000000
753,37.87868500000000,-122.51338600000000
754,37.87192900000000,-122.50351000000000
755,37.87236200000000,-122.50087900000000
756,37.87074600000000,-122.50122700000000
757,37.87244200000000,-122.50170700000000
758,37.87169700000000,-122.50186900000000
759,37.84222400000000,-122.55305400000000
760,37.84238300000000,-122.55187900000000
761,37.83680300000000,-122.54318400000000
762,37.83719100000000,-122.54433500000000
763,37.83780600000000,-122.54327200000000
764,37.83655700000000,-122.54386000000000
765,37.83849800000000,-122.54375500000000
766,37.84225000000000,-122.54230700000000
767,37.84004800000000,-122.54441300000000
768,37.84117500000000,-122.54345900000000
769,37.84138500000000,-122.54395900000000
770,37.83526500000000,-122.53140700000000
771,37.84245900000000,-122.53006400000000
772,37.83471100000000,-122.53315300000000
773,37.83529100000000,-122.53172100000000
774,37.87862500000000,-122.45603500000000
775,37.87401200000000,-122.45860100000000
776,37.87706900000000,-122.46188500000000
777,37.87655400000000,-122.46094900000000
778,37.87713800000000,-122.46151800000000
779,37.87529900000000,-122.46051400000000
780,37.87711900000000,-122.46046900000000
781,37.87314900000000,-122.45658900000000
782,37.87431100000000,-122.45575700000000
783,37.87370500000000,-122.45567100000000
784,37.87304900000000,-122.45502300000000
785,37.87382400000000,-122.45520800000000
786,37.87306000000000,-122.45444400000000
787,37.87307200000000,-122.45478500000000
788,37.87143400000000,-122.45694400000000
789,37.87265900000000,-122.45216500000000
790,37.87219000000000,-122.45082700000000
791,37.86222700000000,-122.57869800000000
792,37.86429100000000,-122.57472600000000
793,37.86225800000000,-122.57516600000000
794,37.86665300000000,-122.56361300000000
795,37.86060700000000,-122.57291400000000
796,37.86139100000000,-122.57321100000000
797,37.86244900000000,-122.57155600000000
798,37.83841200000000,-122.48379900000000
799,37.83388200000000,-122.49462900000000
800,37.83830600000000,-122.47893200000000
801,37.83755700000000,-122.47985700000000
802,37.83897500000000,-122.47892500000000
803,37.83826700000000,-122.47867000000000
804,37.83739100000000,-122.48012500000000
805,37.83583400000000,-122.47542200000000
806,37.83727400000000,-122.47602200000000
807,37.83757200000000,-122.47626100000000
808,37.83557800000000,-122.47730800000000
809,37.83908200000000,-122.47603200000000
810,37.83804100000000,-122.47599400000000
811,37.83281500000000,-122.48007700000000
812,37.83219400000000,-122.47999100000000
813,37.83260200000000,-122.47828600000000
814,37.83301600000000,-122.48063200000000
815,37.83443900000000,-122.47816600000000
816,37.83337800000000,-122.47819100000000
817,37.83512500000000,-122.47544300000000
818,37.83518400000000,-122.47601800000000
819,37.83544600000000,-122.47520500000000
820,37.83390400000000,-122.47766500000000
821,37.83411500000000,-122.47325100000000
822,37.83539800000000,-122.47442000000000
823,37.83708600000000,-122.47458100000000
824,37.83615900000000,-122.47459300000000
825,37.83500700000000,-122.48192100000000
826,37.83959300000000,-122.47871500000000
827,37.87476600000000,-122.46599900000000
828,37.87429100000000,-122.46551300000000
829,37.87680600000000,-122.47129500000000
830,37.86952200000000,-122.54485700000000
831,37.86039500000000,-122.53625300000000
832,37.87038400000000,-122.53978900000000
833,37.86897600000000,-122.50308400000000
834,37.86894500000000,-122.49767900000000
835,37.86714800000000,-122.49926200000000
836,37.86918300000000,-122.49993400000000
837,37.86612900000000,-122.49669300000000
838,37.86398000000000,-122.49576400000000
839,37.86369800000000,-122.49540700000000
840,37.86408200000000,-122.49674100000000
841,37.86320500000000,-122.49506600000000
842,37.86818800000000,-122.50562100000000
843,37.86822000000000,-122.50512800000000
844,37.86843600000000,-122.50515700000000
845,37.86375200000000,-122.49447000000000
846,37.86449900000000,-122.49466300000000
847,37.86393800000000,-122.49399400000000
848,37.86194400000000,-122.49477800000000
849,37.86299200000000,-122.49400700000000
850,37.83287900000000,-122.54081900000000
851,37.83382200000000,-122.54154200000000
852,37.83261100000000,-122.53922900000000
853,37.83239500000000,-122.53769300000000
854,37.83189700000000,-122.53204800000000
855,37.82663100000000,-122.51832100000000
856,37.83105100000000,-122.52491900000000
857,37.82979800000000,-122.52342700000000
858,37.82800600000000,-122.52739100000000
859,37.82561400000000,-122.52821000000000
860,37.86649500000000,-122.43833900000000
861,37.83145300000000,-122.51552600000000
862,37.86058000000000,-122.57469800000000
863,37.86015300000000,-122.57423700000000
864,37.86155900000000,-122.57529500000000
865,37.86149900000000,-122.57581400000000
866,37.86090600000000,-122.57474600000000
867,37.85931700000000,-122.57851900000000
868,37.85769600000000,-122.57225700000000
869,37.82712900000000,-122.49912500000000
870,37.82852200000000,-122.49873500000000
871,37.82765300000000,-122.49971100000000
872,37.82691200000000,-122.50013000000000
873,37.82799400000000,-122.50107400000000
874,37.82764900000000,-122.50374500000000
875,37.82939400000000,-122.48392000000000
876,37.83046100000000,-122.48419400000000
877,37.82740600000000,-122.49013500000000
878,37.83144600000000,-122.47675200000000
879,37.83188500000000,-122.47782000000000
880,37.83207400000000,-122.47798100000000
881,37.83359200000000,-122.47328000000000
882,37.83221500000000,-122.47300900000000
883,37.83276300000000,-122.47286100000000
884,37.82868000000000,-122.48204400000000
885,37.83227400000000,-122.48216100000000
886,37.83238600000000,-122.48155700000000
887,37.82584900000000,-122.47959900000000
888,37.82567200000000,-122.47835800000000
889,37.85741700000000,-122.53908700000000
890,37.85220700000000,-122.53845400000000
891,37.85646300000000,-122.52171700000000
892,37.92606400000000,-122.52606000000000
893,37.92565400000000,-122.52767400000000
894,37.92630300000000,-122.52672200000000
895,37.92568800000000,-122.52501000000000
896,37.92634600000000,-122.52349600000000
897,37.92644900000000,-122.52584300000000
898,37.92796800000000,-122.51771500000000
899,37.92797100000000,-122.51759700000000
900,37.87246800000000,-122.46363200000000
901,38.04699100000000,-122.50730200000000
902,38.04826500000000,-122.50136800000000
903,38.06879800000000,-122.55064300000000
904,38.07094300000000,-122.55402300000000
905,38.06963000000000,-122.55765900000000
906,38.06702400000000,-122.55468300000000
907,38.06843300000000,-122.54784500000000
908,38.07609000000000,-122.55641000000000
909,38.04789800000000,-122.62201100000000
910,38.11130000000000,-122.55457700000000
911,38.11250900000000,-122.54954400000000
912,38.06801400000000,-122.53643900000000
913,38.06848000000000,-122.53638600000000
914,38.06972200000000,-122.53970500000000
915,38.06761500000000,-122.54208300000000
916,38.06746400000000,-122.54252300000000
917,38.07106900000000,-122.53990700000000
918,38.07440800000000,-122.53830000000000
919,38.07543100000000,-122.53762500000000
920,38.06869200000000,-122.53662600000000
921,38.06935900000000,-122.53581200000000
922,38.06977300000000,-122.53584900000000
923,38.06899500000000,-122.53609400000000
924,38.06609300000000,-122.54038500000000
925,38.06778900000000,-122.53889700000000
926,38.06842500000000,-122.53344300000000
927,38.06717500000000,-122.53104000000000
928,38.07093800000000,-122.53137000000000
929,38.07081300000000,-122.52165200000000
930,38.08637300000000,-122.59043900000000
931,38.09307600000000,-122.58847800000000
932,38.11448300000000,-122.50659600000000
933,38.11541500000000,-122.50316200000000
934,38.11952500000000,-122.49937000000000
935,38.09389000000000,-122.57289800000000
936,38.08951000000000,-122.55814200000000
937,38.08873800000000,-122.55871700000000
938,38.08934600000000,-122.55850500000000
939,38.08543700000000,-122.56163600000000
940,38.08974100000000,-122.56062900000000
941,38.09012700000000,-122.56114200000000
942,38.09272900000000,-122.56235600000000
943,38.09148800000000,-122.56283000000000
944,38.09517700000000,-122.56296900000000
945,38.09286700000000,-122.56829500000000
946,38.09283400000000,-122.56872800000000
947,38.09171600000000,-122.56723100000000
948,38.10955600000000,-122.64903700000000
949,38.11620400000000,-122.64844800000000
950,38.11644800000000,-122.64842800000000
951,38.10740800000000,-122.65154900000000
952,38.08868000000000,-122.55157500000000
953,38.08834100000000,-122.55351100000000
954,38.09003400000000,-122.55562600000000
955,38.09100687000000,-122.55502260000000
956,38.09114400000000,-122.55507200000000
957,38.08467100000000,-122.55498600000000
958,38.09156100000000,-122.55623900000000
959,38.11597700000000,-122.56621100000000
960,38.11180000000000,-122.56822000000000
961,38.12236600000000,-122.56915200000000
962,38.11685700000000,-122.57056100000000
963,38.11852700000000,-122.56429900000000
964,38.11620200000000,-122.61046800000000
965,38.08640500000000,-122.52575100000000
966,38.10856900000000,-122.58369600000000
967,38.11368000000000,-122.59045400000000
968,38.11405600000000,-122.58943000000000
969,38.11392900000000,-122.59019300000000
970,38.11284300000000,-122.58897900000000
971,38.11305400000000,-122.58980000000000
972,38.11334300000000,-122.58995800000000
973,38.11379000000000,-122.58911000000000
974,38.11268300000000,-122.58946500000000
975,38.11315000000000,-122.59056800000000
976,38.11297800000000,-122.58874900000000
977,38.11559200000000,-122.59820300000000
978,38.10975800000000,-122.60080300000000
979,38.11471700000000,-122.60360000000000
980,38.11517900000000,-122.60387400000000
981,38.11534800000000,-122.60288800000000
982,38.11565500000000,-122.60119400000000
983,38.11502900000000,-122.60177700000000
984,38.11542900000000,-122.60220300000000
985,38.11649400000000,-122.60093000000000
986,38.11672400000000,-122.59999300000000
987,38.11642000000000,-122.60010700000000
988,38.10761800000000,-122.57133600000000
989,38.10829300000000,-122.57613600000000
990,38.10690100000000,-122.57881300000000
991,38.10779800000000,-122.57817100000000
992,38.10734300000000,-122.57896900000000
993,38.10901900000000,-122.57802800000000
994,38.10983800000000,-122.57849300000000
995,38.11023300000000,-122.57812200000000
996,38.11050300000000,-122.57796900000000
997,38.10943200000000,-122.58102900000000
998,38.10847200000000,-122.56880600000000
999,38.10830600000000,-122.56774300000000
1000,38.10695600000000,-122.56611200000000
1001,38.10824100000000,-122.56737900000000
1002,38.10682900000000,-122.56653900000000
1003,38.10758400000000,-122.56636000000000
1004,38.10695600000000,-122.56719200000000
1005,38.10718000000000,-122.56759000000000
1006,38.10796600000000,-122.56695500000000
1007,38.10774500000000,-122.57015100000000
1008,38.10831600000000,-122.56915300000000
1009,38.10622600000000,-122.56903500000000
1010,38.10751485000000,-122.56921980000000
1011,38.10654700000000,-122.56925500000000
1012,38.10684300000000,-122.57087700000000
1013,38.10713300000000,-122.57013900000000
1014,38.10603700000000,-122.56815000000000
1015,38.10577800000000,-122.56625400000000
1016,38.10569900000000,-122.56778700000000
1017,38.10594100000000,-122.56644100000000
1018,38.10666900000000,-122.56549500000000
1019,38.10822200000000,-122.55538300000000
1020,38.06191400000000,-122.53619000000000
1021,38.06156100000000,-122.54286100000000
1022,38.10651500000000,-122.54254900000000
1023,38.06340700000000,-122.53357300000000
1024,38.06231700000000,-122.53215300000000
1025,38.05918200000000,-122.51424800000000
1026,38.05750600000000,-122.51909600000000
1027,38.05768300000000,-122.51866200000000
1028,38.05733100000000,-122.52024700000000
1029,38.06271700000000,-122.52000600000000
1030,38.06383800000000,-122.51925300000000
1031,38.06209200000000,-122.51934400000000
1032,38.07920100000000,-122.58992300000000
1033,38.08070000000000,-122.55800200000000
1034,38.05905300000000,-122.62028400000000
1035,38.07952200000000,-122.52760300000000
1036,38.07813400000000,-122.53072100000000
1037,38.08165100000000,-122.52458600000000
1038,38.10623600000000,-122.59469800000000
1039,38.12056100000000,-122.63544100000000
1040,38.10180000000000,-122.57217300000000
1041,38.10372000000000,-122.57163300000000
1042,38.10110800000000,-122.56480500000000
1043,38.10067900000000,-122.55950900000000
1044,38.10602900000000,-122.54598800000000
1045,38.10220100000000,-122.53914500000000
1046,38.05746100000000,-122.53138800000000
1047,38.05438700000000,-122.52621300000000
1048,38.05141000000000,-122.53223600000000
1049,38.12256071000000,-122.60331920000000
1050,38.12231200000000,-122.60433300000000
1051,38.05395000000000,-122.51957300000000
1052,38.05775400000000,-122.51433400000000
1053,38.05664400000000,-122.51428900000000
1054,38.05629900000000,-122.51727500000000
1055,38.05592200000000,-122.51660800000000
1056,38.05692400000000,-122.51851200000000
1057,38.05713800000000,-122.51980900000000
1058,38.05560000000000,-122.51765400000000
1059,38.05518500000000,-122.52001700000000
1060,38.05732900000000,-122.51770300000000
1061,38.05345200000000,-122.51222900000000
1062,38.05884200000000,-122.52037200000000
1063,38.12029300000000,-122.61713900000000
1064,38.10547500000000,-122.51366400000000
1065,38.07681100000000,-122.58427400000000
1066,38.07088400000000,-122.59097900000000
1067,38.12187200000000,-122.58503600000000
1068,38.12157700000000,-122.57155900000000
1069,38.05223300000000,-122.50695100000000
1070,38.05314000000000,-122.51155000000000
1071,38.07591400000000,-122.57462000000000
1072,38.10487500000000,-122.51084600000000
1073,38.12651400000000,-122.58819400000000
1074,38.12542200000000,-122.58671600000000
1075,38.07140800000000,-122.56649400000000
1076,38.04621500000000,-122.63950300000000
1077,38.12398300000000,-122.53202500000000
1078,38.12606400000000,-122.52759900000000
1079,38.09941300000000,-122.57170600000000
1080,38.11803800000000,-122.60862000000000
1081,38.11778100000000,-122.60890400000000
1082,38.11850000000000,-122.61036400000000
1083,38.04848500000000,-122.53406000000000
1084,38.05197000000000,-122.52660900000000
1085,38.05085400000000,-122.53060700000000
1086,38.05055700000000,-122.51190700000000
1087,38.11598100000000,-122.59902200000000
1088,38.05058900000000,-122.51051700000000
1089,38.05247300000000,-122.51147400000000
1090,38.05099000000000,-122.51170700000000
1091,38.07125300000000,-122.56518000000000
1092,38.07090800000000,-122.56471700000000
1093,38.07283000000000,-122.56028700000000
1094,38.07176900000000,-122.55999500000000
1095,38.07096400000000,-122.56556700000000
1096,38.07057600000000,-122.56565400000000
1097,38.13029000000000,-122.60424600000000
1098,38.13162600000000,-122.58961000000000
1099,37.94699300000000,-122.50666100000000
1100,37.88944800000000,-122.44692000000000
1101,37.89091600000000,-122.44670900000000
1102,37.89117000000000,-122.44708200000000
1103,37.81625000000000,-122.52880600000000
1104,38.12210800000000,-122.52386600000000
1105,38.00123400000000,-122.53787300000000
1106,38.11047900000000,-122.56456200000000
1107,38.11051000000000,-122.53569800000000
1108,38.12337400000000,-122.53379000000000
1109,38.10265800000000,-122.64176400000000
1110,38.10235100000000,-122.63512300000000
1111,38.12618500000000,-122.52827900000000
1112,38.10025200000000,-122.64259500000000
1113,37.99932200000000,-122.57568600000000
1114,37.82711800000000,-122.53197100000000
1115,37.86978600000000,-122.50500300000000
1116,37.98736000000000,-122.46538300000000
1117,37.98572000000000,-122.47906600000000
1118,37.97575600000000,-122.50472800000000
1119,37.94822900000000,-122.50637200000000
1120,37.94819300000000,-122.50902500000000
1121,38.05650500000000,-122.52393800000000
1122,38.07889200000000,-122.51401600000000
1123,38.08132000000000,-122.51178900000000
1124,38.08481400000000,-122.51779800000000
1125,38.12253700000000,-122.59718500000000
1126,38.12354600000000,-122.52100800000000
1127,38.12231400000000,-122.52735200000000
1128,37.91234400000000,-122.57915400000000
1129,37.91098400000000,-122.57721900000000
1130,38.10274200000000,-122.63375900000000
1131,37.88284300000000,-122.50360500000000
1132,37.89242100000000,-122.45757300000000
1133,37.88956500000000,-122.44593200000000
1134,37.89121400000000,-122.44766200000000
1135,37.89384000000000,-122.45787500000000
1136,37.83282300000000,-122.52649100000000
1137,38.11920200000000,-122.54632000000000
1138,38.12300000000000,-122.53854500000000
1139,38.11232100000000,-122.65427000000000
1140,37.89498200000000,-122.52203700000000
1141,37.86018600000000,-122.50949400000000
1142,38.07855000000000,-122.58575100000000
1143,37.89030700000000,-122.44634800000000
1144,38.11642000000000,-122.64758400000000
1145,38.07452200000000,-122.58584500000000
1146,38.07519000000000,-122.58843900000000
1147,38.08134400000000,-122.51808100000000
1148,37.94680200000000,-122.50648400000000
1149,38.11300200000000,-122.59972200000000
1150,38.11233400000000,-122.62969200000000
1151,37.97572000000000,-122.48562700000000
1152,38.11338900000000,-122.61642400000000
1153,37.99606300000000,-122.54942600000000
1154,38.06973500000000,-122.53719200000000
1155,38.12410800000000,-122.52866500000000
1156,38.07151500000000,-122.52880600000000
1157,37.82757400000000,-122.51081900000000
